{
  "Total" : {
    "transaction" : "Total",
    "sampleCount" : 500,
    "errorCount" : 0,
    "errorPct" : 0.0,
    "meanResTime" : 237.83999999999986,
    "medianResTime" : 218.5,
    "minResTime" : 196.0,
    "maxResTime" : 1325.0,
    "pct1ResTime" : 269.0,
    "pct2ResTime" : 326.9,
    "pct3ResTime" : 555.8600000000001,
    "throughput" : 12.949006811177583,
    "receivedKBytesPerSec" : 6.727413694869604,
    "sentKBytesPerSec" : 1.8462451117499288
  },
  "HTTP Request" : {
    "transaction" : "HTTP Request",
    "sampleCount" : 500,
    "errorCount" : 0,
    "errorPct" : 0.0,
    "meanResTime" : 237.83999999999986,
    "medianResTime" : 218.5,
    "minResTime" : 196.0,
    "maxResTime" : 1325.0,
    "pct1ResTime" : 269.0,
    "pct2ResTime" : 326.9,
    "pct3ResTime" : 555.8600000000001,
    "throughput" : 12.949006811177583,
    "receivedKBytesPerSec" : 6.727413694869604,
    "sentKBytesPerSec" : 1.8462451117499288
  }
}